<?xml version="1.0" encoding="UTF-8"?>
<suite name="AwesomeQA Test Suite" parallel="tests" thread-count="3">
    <test name="Navigation Tests">
        <classes>
            <class name="com.awesomeqa.tests.NavigationTest"/>
        </classes>
    </test>
    
    <test name="Search Tests">
        <classes>
            <class name="com.awesomeqa.tests.SearchTest"/>
        </classes>
    </test>
    
    <test name="Cart Tests">
        <classes>
            <class name="com.awesomeqa.tests.CartTest"/>
        </classes>
    </test>
    
    <test name="User Account Tests">
        <classes>
            <class name="com.awesomeqa.tests.UserAccountTest"/>
        </classes>
    </test>
    
    <test name="Footer Tests">
        <classes>
            <class name="com.awesomeqa.tests.FooterTest"/>
        </classes>
    </test>
    
    <test name="Home Page Tests">
        <classes>
            <class name="com.awesomeqa.tests.HomePageTest"/>
        </classes>
    </test>
</suite>